ID,NAME,EMAIL,MOBILE,ADDRESS,ORG_ID,IS_ACTIVE,REFRESH_TOKEN,ROLE,PASSWORD,IS_REGISTERED,ROLE_CODE,E_SIGN,VERIFIED,OTP,CREATED_AT,EXPIRES_AT,CURRENT_STEP,IS_ORG_HEAD,DRIVER_LICENCE_NO,YEAR_OF_EXPERIENCE,DRIVER_LICENCE_VALIDITY,AADHAR_NUMBER,OWNERSHIP,CITY,PERSONAL_EMAIL,DELETED,REVOKED,REVOKE_EXPIRES_AT,OTHERS_VERIFIED,FP_VERIFIED,FP_EXPIRES_AT,FP_CURRENT_STEP
93,user,sdsdsd@sdsd.com,,,1,,eyJhbGciOiJIUzI1NiIsInR5cCI6IkpXVCJ9.eyJ1c2VyIjoic2RzZHNkQHNkc2QuY29tIiwiaWF0IjoxNjUzNTUyNTA2LCJleHAiOjE2NTQ3NjIxMDZ9.I0uFVPqpI48d05bofQ7B2Io_Zb3oxRo1OSX9X-g70qo,INCOMPLETE_PROFILE,$2b$10$9MhZFaMLgfk3NAc22ePpTuYqw83YPOxYP3rTpMp.pHIxFnHw2xZEG,f,2204,asasas,f,,,,2,t,,,,,,,,f,f,,f,f,,1
95,user,vikivarun11@gmail.com,,,1,,eyJhbGciOiJIUzI1NiIsInR5cCI6IkpXVCJ9.eyJ1c2VyIjoidmlraXZhcnVuMTFAZ21haWwuY29tIiwiaWF0IjoxNjUzNTUyODEwLCJleHAiOjE2NTQ3NjI0MTB9.eHh05jYNOnuoww3tbpWCV1m-jiFBNgEEZbBlHafNb14,INCOMPLETE_PROFILE,$2b$10$jvbJ7WBp1iEh.hToIjKp4.QSFgCiUHePyQjxPowXETEqKbK6OHADO,f,2204,asasas,f,,,,2,t,,,,,,,,f,f,,f,f,,1
12,vigneshwaran,9898989898,,,1,,,INCOMPLETE_PROFILE,$2b$10$fhynKy13RQXNz8GIA8fgXOeOWyptHbp93ny3rEqfKXbcpshD7Qd7a,f,2204,sdsd,f,,,,3,t,,,,,,,,f,f,,,f,,1
86,Mani kandan,vikivarun7@gmail.com,,,75,,eyJhbGciOiJIUzI1NiIsInR5cCI6IkpXVCJ9.eyJ1c2VyIjoidmlraXZhcnVuN0BnbWFpbC5jb20iLCJpYXQiOjE2NTQyNTA4MzksImV4cCI6MTY1NTQ2MDQzOX0.rhz9w-XGt7xQ2b5wE1wmN4MVMb5KrZ7QuDCJMQpSLrg,DRIVER,$2b$10$oAKBG1HZs9ByJbsgLUFvfOTvjkwsfCFDQis76d2ePlhXQO1NXAO7O,t,1001,sdsdsd,t,,,,4,t,84584545454,12,2022-05-28,4545 4545 5555,Owner,chennai,,f,f,,f,f,,1
92,nsdnsdjs,vikivaran7@gmail.com,,,78,,,DRIVER,$2b$10$X0IhcjnATshSCk2NhHEnGufIF1EE7If.lRD2UTgyIj2tjoyyYqqVq,t,1001,sdsds,t,,,,4,t,834834834,12,2022-06-04,3282 3828 3233,Owner,chennai,,f,f,,f,f,,1
75,drivers69,vikivarun789@gmail.com,,,68,,,DRIVER,$2b$10$3UHitJvArMhKFOJRAM4fP.AEn692gpcJBSK7VDLnA//hhcRVd6ENy,t,1001,sdsdsd,t,,,,4,t,39349394394,2024,2022-05-28,8343 4348 3284,Owner,chennai,,f,f,,,f,,1
3,newUser,newUser@gmail.com,1234567890,,12,,,CUSTOMER,$2b$10$5VF4lzvpqJW5ywq9lnMWuuFer2VgzgRrDD4yQmkXJlGrUB3J812Qm,t,,,f,,,,2,t,,,,,,,,f,f,,,f,,1
72,admin,admin@egadi.com,,,64,,,ADMIN,$2b$10$dbVt9zPEDz5aWNqFkWH.nehC5RqKq96rErQu5YUcUe7XeB1IHWJTG,t,9999,,t,,,,4,t,122323232323,12,2022-05-27,3343 4343 4344,other,chennai,,f,f,,,f,,1
4,randomUser,1234567890,121211,,13,,,CUSTOMER,$2b$10$bI8UI56ohHaHIzZSjeR3F.iSvpyXG0Qgl6BBu/p3didNT0PgyJez.,t,,,f,,,,2,t,,,,,,,,f,f,,,f,,1
71,custoemr,customer1@customer.com,,,63,,,DRIVER,$2b$10$RgFhVn1kuuc3un9EBtF6X.1suGvm0.TJFJq/iCZV6JZ5F/OxSE7uK,t,1001,,t,,,,4,t,21323232323,12,2022-05-20,2323 2323 2323,Own goods,casas,,f,f,,,f,,1
70,customer1,customer1@gmail.com,,,62,,,CUSTOMER,$2b$10$E0B.WaIgpOsMisZ6dRvB0.bbuK0ApSGpMttQCSDP.3uKJqEUq9iSK,t,1000,,t,,,,4,t,12121212121212,12,2022-05-18,2323 2323 2333,Own goods,chennai,,f,f,,,f,,1
46,vignesh_driver,vikivarun@gmail.com,8734734734,,44,,eyJhbGciOiJIUzI1NiIsInR5cCI6IkpXVCJ9.eyJ1c2VyIjoidmlraXZhcnVuQGdtYWlsLmNvbSIsImlhdCI6MTY1MjY4NDUxNSwiZXhwIjoxNjUzODk0MTE1fQ.G4aKHseybF8QQ3phpEJOlcVHMq8o7AsgbGOxDwQZCto,DRIVER,$2b$10$IlFteSkTUJc8G4qGsq0kv.NFh6HjYqzhyK9tKXdMOTP60Bh3XfWz.,t,1001,sdsdsd,t,,,,4,t,3434343434,32,2022-04-14,3434 3434 3434,Owner,chennai,,f,f,,,f,,1
84,Lab,8072205938,,,74,,,CUSTOMER,$2b$10$ha4hWMqS8z9r8kSLAV4jiuHuPBnLRczvLNdlt4HRtaZBuuHvc3BRe,t,1000,yyoo,t,,,,3,t,,,,8458 4584 5454,OWN,chennai,,f,f,,t,f,,1
38,vishal_ram,viramagan2000@gmail.com,9876543215,,38,,,DRIVER,$2b$10$.2qP4Qe24g5oz53jQdppRuWMWSx.hcJy6GczsGw1S.KioOdT4Ailq,t,1001,vishal,t,,,,4,t,12345,10,2019,1234567890,,,,f,f,,,f,,1
42,suba,jacklinsuba7@gmail.com,8765432182,,40,,,DRIVER,$2b$10$.Vhb2gkb8IqC2tPQ/Ofcv.6U3tcoB0u9GlcvACm8Kf2TxaUZDDa/.,t,1001,suba,t,,,,4,t,1234,12,2022-04-13,1234567890,OWN,,,f,f,,,f,,1
76,balaji burger,santhoshbalaji33914@gmail.com,,,69,,,DRIVER,$2b$10$mRpU4MDBdrYnT8ytO5H/AecGkCA0Gja.IELI.UxqHxGv3tJbiXeAi,t,1001,balaji,t,,,,4,t,834834834834,12,2022-05-27,9348 3483 4834,Owner,chennai,,f,f,,,f,,1
6,oldboy,9234567890,9876543218,,20,,,DRIVER,$2b$10$HOUfS3bsANQiaxlzthyfyevl3goSPlTNLra5HT8cTRQMqF9afSLEu,t,1001,,f,,,,2,t,,,,,,,,f,f,2022-05-11,,f,,1
94,user,vikivarun9@gmail.com,,,1,,eyJhbGciOiJIUzI1NiIsInR5cCI6IkpXVCJ9.eyJ1c2VyIjoidmlraXZhcnVuOUBnbWFpbC5jb20iLCJpYXQiOjE2NTM1NTI3OTAsImV4cCI6MTY1NDc2MjM5MH0.PPlifLzrTSu5RJZFoZY57uZ2FuzeT-xGINwBOU0HAGE,INCOMPLETE_PROFILE,$2b$10$9z2tV/IzXBuyxRCI2GgOU.8mGq2bFSshqwt4UIldqbGh4P1GWSa0y,f,2204,asasas,f,,,,2,t,,,,,,,,f,f,,f,f,,1
73,vigneshwaran R,vikivarun78@gmail.com,,,65,,,CUSTOMER,$2b$10$dbVt9zPEDz5aWNqFkWH.nehC5RqKq96rErQu5YUcUe7XeB1IHWJTG,t,1000,viki,t,,,,3,t,,,,8347 3473 4344,Own goods,chennai,,f,f,,,f,,1
